indice,tipo_predicao,tamanho_PEAB,tamanho_PuLP,GAP,tempo_PEAB,tempo_PuLP,is_optimal
10000,NEGATIVA,122,122,0,0.0,0.07167530001606792,True
10011,NEGATIVA,155,155,0,0.0,0.07137520000105724,True
10074,NEGATIVA,140,140,0,0.0,0.07214130001375452,True
10079,POSITIVA,238,238,0,0.0,0.10700960003305227,True
10091,NEGATIVA,175,175,0,0.0,0.06512909999582916,True
10099,NEGATIVA,159,159,0,0.0,0.06525629997486249,True
10161,NEGATIVA,134,134,0,0.0,0.06436069996561855,True
10189,POSITIVA,210,210,0,0.0,0.07507329998770729,True
10330,NEGATIVA,131,131,0,0.0,0.07105480000609532,True
10430,NEGATIVA,160,160,0,0.0,0.06460169999627396,True
10446,REJEITADA,454,784,-330,0.0,0.0703813000000082,False
10450,NEGATIVA,167,167,0,0.0,0.07674070005305111,True
10470,NEGATIVA,171,171,0,0.0,0.06365299999015406,True
10595,POSITIVA,174,174,0,0.0,0.0684132999740541,True
10677,NEGATIVA,143,143,0,0.0,0.0727461000205949,True
10726,NEGATIVA,174,174,0,0.0,0.07526939996751025,True
10762,REJEITADA,480,784,-304,0.0,0.07344269996974617,False
10771,POSITIVA,188,188,0,0.0,0.06842480000341311,True
10876,NEGATIVA,139,139,0,0.0,0.06487220001872629,True
10901,POSITIVA,167,167,0,0.0,0.07666059996699914,True
10921,NEGATIVA,137,137,0,0.0,0.06312810000963509,True
10927,POSITIVA,173,173,0,0.0,0.0682760999770835,True
10953,NEGATIVA,150,150,0,0.0,0.06890820001717657,True
11042,NEGATIVA,165,165,0,0.0,0.06633599998895079,True
1105,POSITIVA,178,178,0,0.0,0.0713489000336267,True
1108,NEGATIVA,141,141,0,0.0,0.07399340003030375,True
11087,POSITIVA,174,174,0,0.0,0.0672029999550432,True
11104,POSITIVA,226,226,0,0.0,0.06678470002952963,True
1121,NEGATIVA,194,194,0,0.0,0.07718550000572577,True
11232,REJEITADA,472,784,-312,0.0,0.06306919996859506,False
11296,NEGATIVA,196,196,0,0.0,0.07410500000696629,True
11321,NEGATIVA,146,146,0,0.0,0.06603869999526069,True
11377,POSITIVA,215,215,0,0.0,0.07412589999148622,True
11450,REJEITADA,460,784,-324,0.0,0.09761090000392869,False
11457,POSITIVA,198,198,0,0.0,0.0675929999561049,True
1150,NEGATIVA,169,169,0,0.0,0.07639450003625825,True
1151,REJEITADA,459,784,-325,0.0,0.0692570999963209,False
11539,NEGATIVA,178,178,0,0.0,0.10182749998057261,True
11708,NEGATIVA,209,209,0,0.0,0.07127269997727126,True
11714,NEGATIVA,125,125,0,0.0,0.07291869999608025,True
11781,REJEITADA,476,784,-308,0.0,0.06891839997842908,False
11880,POSITIVA,213,213,0,0.0,0.0707459999830462,True
11921,REJEITADA,452,784,-332,0.0,0.0787572999834083,False
1193,POSITIVA,150,150,0,0.0,0.06591260002460331,True
11940,REJEITADA,462,784,-322,0.0,0.06674939999356866,False
11978,NEGATIVA,198,198,0,0.0,0.06817169999703765,True
11979,NEGATIVA,178,178,0,0.0,0.07179630000609905,True
12027,POSITIVA,183,183,0,0.0,0.0662595999892801,True
12043,POSITIVA,191,191,0,0.0,0.0636493000201881,True
12085,POSITIVA,183,183,0,0.0,0.07150109997019172,True
12111,POSITIVA,172,172,0,0.0,0.07328030001372099,True
12182,POSITIVA,199,199,0,0.0,0.06693460000678897,True
12308,POSITIVA,204,204,0,0.0,0.06849790003616363,True
12329,NEGATIVA,152,152,0,0.0,0.07068000000435859,True
1239,POSITIVA,172,172,0,0.0,0.0677877000416629,True
12416,NEGATIVA,195,195,0,0.0,0.06822150002699345,True
12419,POSITIVA,174,174,0,0.0,0.062096100009512156,True
12466,REJEITADA,449,784,-335,0.0,0.06865140004083514,False
125,POSITIVA,204,204,0,0.0,0.10232950001955032,True
12592,NEGATIVA,172,172,0,0.0,0.06457940000109375,True
12661,NEGATIVA,155,155,0,0.0,0.1094052999978885,True
12663,REJEITADA,464,784,-320,0.0,0.0667626999784261,False
12683,POSITIVA,238,238,0,0.0,0.06473599997116253,True
12702,REJEITADA,463,784,-321,0.0,0.06608369998866692,False
12775,NEGATIVA,146,146,0,0.0,0.06975699996110052,True
12812,NEGATIVA,175,175,0,0.0,0.064479399996344,True
12879,NEGATIVA,184,184,0,0.0,0.06887080002343282,True
12934,POSITIVA,169,169,0,0.0,0.06853620003676042,True
12967,NEGATIVA,175,175,0,0.0,0.06938330002594739,True
12968,NEGATIVA,150,150,0,0.0,0.06572509999386966,True
12984,POSITIVA,206,206,0,0.0,0.06592439999803901,True
12998,NEGATIVA,145,145,0,0.0,0.07677599997259676,True
13065,POSITIVA,185,185,0,0.0,0.06759930000407621,True
13110,NEGATIVA,156,156,0,0.0,0.06361880002077669,True
13171,POSITIVA,164,164,0,0.0,0.07130359997972846,True
13176,POSITIVA,239,239,0,0.0,0.06255839997902513,True
13181,NEGATIVA,173,173,0,0.0,0.10030660004122183,True
13186,POSITIVA,255,255,0,0.0,0.07761850004317239,True
13222,NEGATIVA,140,140,0,0.0,0.06677530001616105,True
13228,NEGATIVA,143,143,0,0.0,0.06253460003063083,True
13242,NEGATIVA,170,170,0,0.0,0.07204700005240738,True
13250,NEGATIVA,149,149,0,0.0,0.07306369999423623,True
13258,POSITIVA,232,232,0,0.0,0.0706363000208512,True
1329,POSITIVA,164,164,0,0.0,0.07021670002723113,True
13378,POSITIVA,218,218,0,0.0,0.0775668999995105,True
13386,POSITIVA,219,219,0,0.0,0.06758269999409094,True
13424,POSITIVA,231,231,0,0.0,0.07705459999851882,True
13577,NEGATIVA,134,134,0,0.0,0.07435990002704784,True
13578,POSITIVA,182,182,0,0.0,0.07008410000707954,True
13607,NEGATIVA,153,153,0,0.0,0.06980120000662282,True
13628,NEGATIVA,155,155,0,0.0,0.06155179999768734,True
13647,POSITIVA,249,249,0,0.0,0.06733549997443333,True
13750,NEGATIVA,166,166,0,0.0,0.07417670002905652,True
13795,POSITIVA,196,196,0,0.0,0.06613979995017871,True
13831,REJEITADA,458,784,-326,0.0,0.0668747000163421,False
13917,POSITIVA,168,168,0,0.0,0.06403670000145212,True
13935,NEGATIVA,137,137,0,0.0,0.07460789999458939,True
13980,NEGATIVA,148,148,0,0.0,0.06780160003108904,True
14068,POSITIVA,249,249,0,0.0,0.06388390000211075,True
14075,POSITIVA,200,200,0,0.0,0.07523730001412332,True
14140,POSITIVA,272,272,0,0.0,0.07418880000477657,True
14191,POSITIVA,266,266,0,0.0,0.08044490002794191,True
14250,POSITIVA,200,200,0,0.0,0.0693567999987863,True
14304,POSITIVA,191,191,0,0.0,0.0694874000037089,True
14382,POSITIVA,237,237,0,0.0,0.06575919996248558,True
1439,POSITIVA,184,184,0,0.0,0.07015970000065863,True
14431,NEGATIVA,172,172,0,0.0,0.0668438000138849,True
14457,POSITIVA,188,188,0,0.0,0.07383289997233078,True
14533,NEGATIVA,165,165,0,0.0,0.07132819999242201,True
14577,NEGATIVA,161,161,0,0.0,0.06933779997052625,True
14645,REJEITADA,458,784,-326,0.0,0.10715460003120825,False
14823,NEGATIVA,146,146,0,0.0,0.07222620001994073,True
14993,POSITIVA,191,191,0,0.0,0.06665269995573908,True
15022,NEGATIVA,196,196,0,0.0,0.0675751999951899,True
15056,POSITIVA,240,240,0,0.0,0.07410119997803122,True
15075,NEGATIVA,138,138,0,0.0,0.07754269998986274,True
15076,REJEITADA,462,512,-50,0.0,0.06776510004419833,False
15109,NEGATIVA,156,156,0,0.0,0.07022890000371262,True
15221,POSITIVA,192,192,0,0.0,0.06696440000087023,True
15409,NEGATIVA,130,130,0,0.0,0.06424189999233931,True
15482,NEGATIVA,126,126,0,0.0,0.06461140001192689,True
1551,NEGATIVA,127,127,0,0.0,0.0683205999666825,True
15515,POSITIVA,206,206,0,0.0,0.06534420000389218,True
15534,NEGATIVA,176,176,0,0.0,0.07150510000064969,True
15616,REJEITADA,475,784,-309,0.0,0.0639781000209041,False
15640,POSITIVA,179,179,0,0.0,0.07278429996222258,True
15691,POSITIVA,193,193,0,0.0,0.06599619996268302,True
15816,NEGATIVA,152,152,0,0.0,0.06980740005383268,True
15907,NEGATIVA,133,133,0,0.0,0.06974100001389161,True
15919,POSITIVA,179,179,0,0.0,0.0661718999617733,True
15945,REJEITADA,459,784,-325,0.0,0.06792559998575598,False
15963,POSITIVA,185,185,0,0.0,0.0689291000016965,True
15979,POSITIVA,163,163,0,0.0,0.07400620001135394,True
15990,NEGATIVA,145,145,0,0.0,0.07585590000962839,True
16075,NEGATIVA,143,143,0,0.0,0.06992929999250919,True
16223,POSITIVA,171,171,0,0.0,0.06976380001287907,True
16230,POSITIVA,231,231,0,0.0,0.07559419999597594,True
16339,POSITIVA,202,202,0,0.0,0.0696042999625206,True
16344,NEGATIVA,172,172,0,0.0,0.07191949995467439,True
1644,NEGATIVA,143,143,0,0.0,0.06772599997930229,True
16462,NEGATIVA,190,190,0,0.0,0.06690219999291003,True
16556,NEGATIVA,149,149,0,0.0,0.06752620002953336,True
16569,REJEITADA,459,784,-325,0.0,0.06760840001516044,False
16611,POSITIVA,193,193,0,0.0,0.07010349998017773,True
16669,POSITIVA,180,180,0,0.0,0.07018779998179525,True
16750,REJEITADA,471,784,-313,0.0,0.06558190000941977,False
16833,POSITIVA,215,215,0,0.0,0.06584470003144816,True
16920,POSITIVA,196,196,0,0.0,0.06742849998408929,True
16924,NEGATIVA,149,149,0,0.0,0.06741880002664402,True
16994,POSITIVA,214,214,0,0.0,0.0796769000007771,True
17096,REJEITADA,465,784,-319,0.0,0.06516080000437796,False
17111,POSITIVA,207,207,0,0.0,0.06558860000222921,True
17148,NEGATIVA,166,166,0,0.0,0.06823019997682422,True
17162,POSITIVA,209,209,0,0.0,0.06248350004898384,True
17194,POSITIVA,199,199,0,0.0,0.0651134000509046,True
17197,POSITIVA,191,191,0,0.0,0.07673289999365807,True
17358,POSITIVA,213,213,0,0.0,0.06635280000045896,True
17421,NEGATIVA,137,137,0,0.0,0.07243699999526143,True
17515,POSITIVA,176,176,0,0.0,0.06442629999946803,True
17634,NEGATIVA,179,179,0,0.0,0.06890159996692091,True
17751,POSITIVA,209,209,0,0.0,0.07205800001975149,True
17803,POSITIVA,225,225,0,0.0,0.07425429997965693,True
17864,REJEITADA,457,784,-327,0.0,0.06436379998922348,False
17904,NEGATIVA,189,189,0,0.0,0.0656139999628067,True
1791,NEGATIVA,145,145,0,0.0,0.06768330000340939,True
17924,POSITIVA,219,219,0,0.0,0.0728302999632433,True
17929,NEGATIVA,139,139,0,0.0,0.06821769999805838,True
17988,REJEITADA,471,784,-313,0.0,0.06590500002494082,False
17990,POSITIVA,236,236,0,0.0,0.07931349996943027,True
18047,POSITIVA,178,178,0,0.0,0.06734449998475611,True
18061,NEGATIVA,138,138,0,0.0,0.07217830000445247,True
18079,NEGATIVA,147,147,0,0.0,0.06751120003173128,True
1809,NEGATIVA,140,140,0,0.0,0.06233279994921759,True
18099,NEGATIVA,168,168,0,0.0,0.06833559996448457,True
18109,POSITIVA,229,229,0,0.0,0.06969869998283684,True
18114,POSITIVA,201,201,0,0.0,0.06392619997495785,True
18397,NEGATIVA,139,139,0,0.0,0.07172599999466911,True
18439,POSITIVA,207,207,0,0.0,0.0707410000031814,True
18485,NEGATIVA,160,160,0,0.0,0.07015240000328049,True
18618,POSITIVA,173,173,0,0.0,0.06868480000412092,True
18660,POSITIVA,202,202,0,0.0,0.07382260001031682,True
18689,POSITIVA,202,202,0,0.0,0.07068360003177077,True
18740,POSITIVA,236,236,0,0.0,0.07485520001500845,True
18785,NEGATIVA,133,133,0,0.0,0.06689940002979711,True
18802,NEGATIVA,155,155,0,0.0,0.06912910001119599,True
18890,POSITIVA,212,212,0,0.0,0.0672338999575004,True
18901,POSITIVA,162,162,0,0.0,0.06939730001613498,True
18915,NEGATIVA,143,143,0,0.0,0.07435969996731728,True
18977,NEGATIVA,156,156,0,0.0,0.07581329997628927,True
1908,NEGATIVA,161,161,0,0.0,0.07306600001174957,True
19131,POSITIVA,188,188,0,0.0,0.07548990001669154,True
19169,NEGATIVA,145,145,0,0.0,0.06857529998524114,True
19238,NEGATIVA,202,202,0,0.0,0.06940350000513718,True
19247,NEGATIVA,151,151,0,0.0,0.07214629999361932,True
19342,NEGATIVA,151,151,0,0.0,0.06498679996002465,True
19348,NEGATIVA,153,153,0,0.0,0.07432439998956397,True
1935,NEGATIVA,122,122,0,0.0,0.06383210001513362,True
19371,POSITIVA,178,178,0,0.0,0.0717222000239417,True
19435,POSITIVA,173,173,0,0.0,0.07264119997853413,True
19475,POSITIVA,148,148,0,0.0,0.1017870000214316,True
19495,NEGATIVA,157,157,0,0.0,0.06304169999202713,True
1966,POSITIVA,206,206,0,0.0,0.08205480000469834,True
19865,NEGATIVA,152,152,0,0.0,0.07369300001300871,True
20009,NEGATIVA,129,129,0,0.0,0.0686007000040263,True
20015,POSITIVA,228,228,0,0.0,0.07457230001455173,True
20051,NEGATIVA,137,137,0,0.0,0.06310209998628125,True
20107,POSITIVA,195,195,0,0.0,0.06539459998020902,True
20192,NEGATIVA,206,206,0,0.0,0.06659990001935512,True
20204,POSITIVA,183,183,0,0.0,0.06650210003135726,True
2026,POSITIVA,182,182,0,0.0,0.06882250000489876,True
20413,NEGATIVA,137,137,0,0.0,0.06581120000919327,True
20437,NEGATIVA,129,129,0,0.0,0.06661199999507517,True
20511,POSITIVA,201,201,0,0.0,0.13973240001359954,True
20565,NEGATIVA,128,128,0,0.0,0.06187589996261522,True
20648,POSITIVA,203,203,0,0.0,0.07308489998104051,True
2070,POSITIVA,202,202,0,0.0,0.06937280000420287,True
20752,NEGATIVA,147,147,0,0.0,0.07291089999489486,True
20780,NEGATIVA,164,164,0,0.0,0.061167400039266795,True
20785,POSITIVA,192,192,0,0.0,0.07019639998907223,True
20844,NEGATIVA,157,157,0,0.0,0.06649180001113564,True
20872,NEGATIVA,134,134,0,0.0,0.06658089999109507,True
20939,NEGATIVA,220,220,0,0.0,0.0687727999757044,True
21018,NEGATIVA,156,156,0,0.0,0.07163790002232417,True
21120,POSITIVA,216,216,0,0.0,0.06681879999814555,True
21177,POSITIVA,191,191,0,0.0,0.07905210001626983,True
21179,NEGATIVA,147,147,0,0.0,0.06580919999396428,True
21187,NEGATIVA,141,141,0,0.0,0.06848309998167679,True
21209,NEGATIVA,140,140,0,0.0,0.06621630000881851,True
21211,POSITIVA,192,192,0,0.0,0.07259130000602454,True
21390,NEGATIVA,166,166,0,0.0,0.06782450003083795,True
21458,NEGATIVA,155,155,0,0.0,0.06702049996238202,True
2146,NEGATIVA,142,142,0,0.0,0.06683859997428954,True
215,NEGATIVA,127,127,0,0.0,0.06761659996118397,True
2150,POSITIVA,167,167,0,0.0,0.0655038999975659,True
21512,NEGATIVA,155,155,0,0.0,0.07945679995464161,True
21559,NEGATIVA,138,138,0,0.0,0.06623330002184957,True
21578,POSITIVA,210,210,0,0.0,0.067749299982097,True
21705,POSITIVA,181,181,0,0.0,0.06495700002415106,True
21711,POSITIVA,186,186,0,0.0,0.07220420002704486,True
2175,POSITIVA,180,180,0,0.0,0.07459689996903762,True
21805,POSITIVA,184,184,0,0.0,0.0772679999936372,True
21831,NEGATIVA,143,143,0,0.0,0.11036300001433119,True
21855,POSITIVA,203,203,0,0.0,0.06771109998226166,True
21926,POSITIVA,173,173,0,0.0,0.06333690002793446,True
21950,NEGATIVA,159,159,0,0.0,0.06243369996082038,True
21980,NEGATIVA,190,190,0,0.0,0.07100870000431314,True
22029,NEGATIVA,155,155,0,0.0,0.06529569998383522,True
22172,NEGATIVA,164,164,0,0.0,0.0702434999984689,True
22292,REJEITADA,452,784,-332,0.0,0.10374970000702888,False
2231,POSITIVA,195,195,0,0.0,0.08026720001362264,True
22408,NEGATIVA,164,164,0,0.0,0.06564960000105202,True
2241,NEGATIVA,136,136,0,0.0,0.06864800001494586,True
22421,POSITIVA,177,177,0,0.0,0.07732669997494668,True
22438,REJEITADA,465,784,-319,0.0,0.0662494000280276,False
22483,POSITIVA,177,177,0,0.0,0.08399220003047958,True
22496,NEGATIVA,164,164,0,0.0,0.06528139999136329,True
22591,POSITIVA,207,207,0,0.0,0.06530129996826872,True
22604,POSITIVA,243,243,0,0.0,0.06765179999638349,True
2265,POSITIVA,182,182,0,0.0,0.069900999951642,True
22730,NEGATIVA,179,179,0,0.0,0.06506639998406172,True
22893,POSITIVA,208,208,0,0.0,0.06758209998952225,True
22943,NEGATIVA,161,161,0,0.0,0.07244999997783452,True
22946,NEGATIVA,152,152,0,0.0,0.09346539998659864,True
22965,POSITIVA,220,220,0,0.0,0.08114520000526682,True
23024,REJEITADA,466,784,-318,0.0,0.07624650001525879,False
23081,POSITIVA,195,195,0,0.0,0.06266609998419881,True
23119,NEGATIVA,155,155,0,0.0,0.06761820003157482,True
23143,POSITIVA,181,181,0,0.0,0.07736410002689809,True
23165,NEGATIVA,198,198,0,0.0,0.06940750003559515,True
23225,NEGATIVA,129,129,0,0.0,0.10088550002546981,True
23338,NEGATIVA,151,151,0,0.0,0.06574960000580177,True
23344,NEGATIVA,143,143,0,0.0,0.06734749994939193,True
23426,POSITIVA,235,235,0,0.0,0.06805479998001829,True
23483,NEGATIVA,154,154,0,0.0,0.07449389999965206,True
23547,NEGATIVA,138,138,0,0.0,0.06815969996387139,True
23563,NEGATIVA,152,152,0,0.0,0.0804031000006944,True
23591,POSITIVA,193,193,0,0.0,0.06854800001019612,True
23712,NEGATIVA,197,197,0,0.0,0.07420489995274693,True
23750,POSITIVA,206,206,0,0.0,0.07867379998788238,True
2379,NEGATIVA,167,167,0,0.0,0.06760159996338189,True
23829,NEGATIVA,145,145,0,0.0,0.06781540001975372,True
23831,POSITIVA,196,196,0,0.0,0.07148789998609573,True
23879,NEGATIVA,154,154,0,0.0,0.0974477999843657,True
23997,NEGATIVA,164,164,0,0.0,0.0686678999918513,True
24000,POSITIVA,191,191,0,0.0,0.06403269997099414,True
2408,NEGATIVA,148,148,0,0.0,0.07288020005216822,True
24134,POSITIVA,230,230,0,0.0,0.0722426000284031,True
24147,POSITIVA,179,179,0,0.0,0.07272930000908673,True
24284,POSITIVA,201,201,0,0.0,0.06739209999796003,True
24311,POSITIVA,148,148,0,0.0,0.0681404999922961,True
2444,POSITIVA,198,198,0,0.0,0.06970990000991151,True
24481,NEGATIVA,147,147,0,0.0,0.06456660002004355,True
24501,NEGATIVA,144,144,0,0.0,0.06709409999893978,True
24560,REJEITADA,452,784,-332,0.0,0.06579390005208552,False
24562,POSITIVA,185,185,0,0.0,0.07198090001475066,True
24641,POSITIVA,178,178,0,0.0,0.07516299997223541,True
24672,NEGATIVA,179,179,0,0.0,0.06853940000291914,True
24691,POSITIVA,203,203,0,0.0,0.06991580000612885,True
24720,POSITIVA,206,206,0,0.0,0.0674260999658145,True
24780,NEGATIVA,160,160,0,0.0,0.06689279997954145,True
24784,NEGATIVA,179,179,0,0.0,0.0640766000142321,True
2482,POSITIVA,204,204,0,0.0,0.07294480002019554,True
2489,NEGATIVA,170,170,0,0.0,0.0689157999586314,True
24906,NEGATIVA,162,162,0,0.0,0.06567330000689253,True
24950,POSITIVA,204,204,0,0.0,0.06882089999271557,True
24969,NEGATIVA,167,167,0,0.0,0.0661555000115186,True
25015,POSITIVA,175,175,0,0.0,0.07789000001503155,True
25040,NEGATIVA,140,140,0,0.0,0.07152110000606626,True
25186,POSITIVA,246,246,0,0.0,0.07570169999962673,True
25205,POSITIVA,181,181,0,0.0,0.068098200019449,True
25208,NEGATIVA,190,190,0,0.0,0.06340749998344108,True
25254,POSITIVA,203,203,0,0.0,0.07819440000457689,True
25331,NEGATIVA,154,154,0,0.0,0.06711359997279942,True
25341,POSITIVA,168,168,0,0.0,0.06718510005157441,True
255,NEGATIVA,142,142,0,0.0,0.06508369999937713,True
25552,NEGATIVA,168,168,0,0.0,0.06283319997601211,True
25583,POSITIVA,171,171,0,0.0,0.07031609996920452,True
25607,POSITIVA,165,165,0,0.0,0.06610840000212193,True
25619,NEGATIVA,138,138,0,0.0,0.07384210004238412,True
25661,POSITIVA,228,228,0,0.0,0.08346190000884235,True
2587,NEGATIVA,138,138,0,0.0,0.06447929999558255,True
25879,POSITIVA,210,210,0,0.0,0.07401620002929121,True
25922,NEGATIVA,158,158,0,0.0,0.06854770000791177,True
25924,NEGATIVA,166,166,0,0.0,0.076288599986583,True
26008,NEGATIVA,126,126,0,0.0,0.06828970002243295,True
26022,POSITIVA,235,235,0,0.0,0.07042150001507252,True
26057,NEGATIVA,158,158,0,0.0,0.06729279999854043,True
26085,POSITIVA,172,172,0,0.0,0.0652729999856092,True
26136,POSITIVA,196,196,0,0.0,0.06665910000447184,True
26222,NEGATIVA,160,160,0,0.0,0.07323999999789521,True
26515,POSITIVA,237,237,0,0.0,0.06558629998471588,True
26520,POSITIVA,225,225,0,0.0,0.06904209998901933,True
26593,NEGATIVA,146,146,0,0.0,0.06518490001326427,True
26666,POSITIVA,236,236,0,0.0,0.06994820002000779,True
26702,NEGATIVA,211,211,0,0.0,0.06681360001675785,True
26805,REJEITADA,475,784,-309,0.0,0.06780399999115616,False
26831,NEGATIVA,134,134,0,0.0,0.06652270001359284,True
2687,POSITIVA,188,188,0,0.0,0.07679150003241375,True
26871,NEGATIVA,142,142,0,0.0,0.07175479998113587,True
27017,POSITIVA,201,201,0,0.0,0.0650815999833867,True
27031,NEGATIVA,172,172,0,0.0,0.06496869999682531,True
27121,POSITIVA,206,206,0,0.0,0.06563440000172704,True
27177,POSITIVA,189,189,0,0.0,0.06783999997423962,True
27183,NEGATIVA,168,168,0,0.0,0.07868829998187721,True
27236,POSITIVA,219,219,0,0.0,0.06365620001452044,True
27294,POSITIVA,171,171,0,0.0,0.06466480001108721,True
27312,POSITIVA,237,237,0,0.0,0.07015260000480339,True
2740,NEGATIVA,192,192,0,0.0,0.10527260001981631,True
27418,POSITIVA,212,212,0,0.0,0.06230270001105964,True
27423,NEGATIVA,142,142,0,0.0,0.07019910000963137,True
27480,NEGATIVA,144,144,0,0.0,0.07529090001480654,True
27540,NEGATIVA,165,165,0,0.0,0.06802589999279007,True
27553,NEGATIVA,128,128,0,0.0,0.06931529997382313,True
27589,NEGATIVA,158,158,0,0.0,0.07560359995113686,True
27599,POSITIVA,169,169,0,0.0,0.07254480000119656,True
27651,NEGATIVA,143,143,0,0.0,0.06387309997808188,True
27670,NEGATIVA,165,165,0,0.0,0.08627139998134226,True
27691,NEGATIVA,157,157,0,0.0,0.06650580000132322,True
27733,POSITIVA,209,209,0,0.0,0.08585859998129308,True
2774,NEGATIVA,156,156,0,0.0,0.06873020000057295,True
27741,NEGATIVA,147,147,0,0.0,0.07383960002334788,True
27795,REJEITADA,455,784,-329,0.0,0.06291080004302785,False
27849,POSITIVA,186,186,0,0.0,0.06635689997347072,True
27870,NEGATIVA,141,141,0,0.0,0.06688970001414418,True
27892,POSITIVA,169,169,0,0.0,0.0691843000240624,True
27946,NEGATIVA,143,143,0,0.0,0.07065629999851808,True
28003,POSITIVA,178,178,0,0.0,0.06578220002120361,True
281,NEGATIVA,127,127,0,0.0,0.06254120002267882,True
28137,NEGATIVA,174,174,0,0.0,0.06610799999907613,True
28181,POSITIVA,158,158,0,0.0,0.06659549998585135,True
28241,POSITIVA,183,183,0,0.0,0.06968630000483245,True
28264,NEGATIVA,154,154,0,0.0,0.07110699999611825,True
28306,POSITIVA,198,198,0,0.0,0.07142420002492145,True
28307,POSITIVA,189,189,0,0.0,0.07140800001798198,True
2842,POSITIVA,185,185,0,0.0,0.06884690001606941,True
28480,POSITIVA,232,232,0,0.0,0.07150669995462522,True
28527,NEGATIVA,148,148,0,0.0,0.0710945000173524,True
28693,NEGATIVA,153,153,0,0.0,0.0700997999520041,True
28707,NEGATIVA,141,141,0,0.0,0.0631009999779053,True
28856,POSITIVA,264,264,0,0.0,0.07132779998937622,True
28892,POSITIVA,210,210,0,0.0,0.0670416000066325,True
28902,POSITIVA,251,251,0,0.0,0.06282430002465844,True
28915,POSITIVA,205,205,0,0.0,0.07477110001491383,True
28957,NEGATIVA,128,128,0,0.0,0.06844879995333031,True
2901,POSITIVA,235,235,0,0.0,0.07077719998778775,True
29164,POSITIVA,207,207,0,0.0,0.08628889999818057,True
29229,POSITIVA,173,173,0,0.0,0.10086509998654947,True
29353,NEGATIVA,131,131,0,0.0,0.06241600000066683,True
2941,NEGATIVA,148,148,0,0.0,0.0691073999623768,True
29493,POSITIVA,254,254,0,0.0,0.07092209998518229,True
29504,NEGATIVA,157,157,0,0.0,0.06645519996527582,True
29528,NEGATIVA,185,185,0,0.0,0.07006960001308471,True
29531,POSITIVA,182,182,0,0.0,0.06588060001377016,True
29563,POSITIVA,193,193,0,0.0,0.07299600000260398,True
29610,NEGATIVA,160,160,0,0.0,0.06434390001231804,True
29765,REJEITADA,464,784,-320,0.0,0.07418179995147511,False
298,NEGATIVA,144,144,0,0.0,0.0716037999955006,True
29823,NEGATIVA,152,152,0,0.0,0.06669559999136254,True
29886,POSITIVA,205,205,0,0.0,0.06388169998535886,True
30040,NEGATIVA,185,185,0,0.0,0.06346550001762807,True
3013,NEGATIVA,145,145,0,0.0,0.11718739999923855,True
30136,NEGATIVA,151,151,0,0.0,0.10508509998908266,True
30203,POSITIVA,256,256,0,0.0,0.08143500000005588,True
30265,NEGATIVA,147,147,0,0.0,0.09429600002476946,True
30375,NEGATIVA,151,151,0,0.0,0.06827990000601858,True
30423,NEGATIVA,145,145,0,0.0,0.06062860001111403,True
30467,POSITIVA,169,169,0,0.0,0.10535530000925064,True
30523,POSITIVA,183,183,0,0.0,0.06874259997857735,True
30571,NEGATIVA,184,184,0,0.0,0.060006999992765486,True
30654,POSITIVA,216,216,0,0.0,0.06750190001912415,True
30785,POSITIVA,225,225,0,0.0,0.06435259996214882,True
30870,POSITIVA,163,163,0,0.0,0.065937599982135,True
30897,NEGATIVA,216,216,0,0.0,0.07200410001678392,True
30915,NEGATIVA,191,191,0,0.0,0.06615859997691587,True
3094,REJEITADA,464,784,-320,0.0,0.06462780002038926,False
31108,NEGATIVA,180,180,0,0.0,0.0672980000381358,True
31157,NEGATIVA,167,167,0,0.0,0.07353570003760979,True
31191,POSITIVA,195,195,0,0.0,0.07476570003200322,True
31205,POSITIVA,182,182,0,0.0,0.07286509999539703,True
31236,POSITIVA,179,179,0,0.0,0.07483820000197738,True
31269,NEGATIVA,159,159,0,0.0,0.08041399996727705,True
31355,POSITIVA,170,170,0,0.0,0.0631215000175871,True
31451,NEGATIVA,150,150,0,0.0,0.06647299998439848,True
31726,POSITIVA,175,175,0,0.0,0.07140040001831949,True
31748,REJEITADA,459,784,-325,0.0,0.07783299998845905,False
31791,NEGATIVA,158,158,0,0.0,0.07168509997427464,True
31800,POSITIVA,221,221,0,0.0,0.0810860000201501,True
31811,NEGATIVA,192,192,0,0.0,0.06676859996514395,True
31851,REJEITADA,455,784,-329,0.0,0.07277299999259412,False
3191,POSITIVA,193,193,0,0.0,0.07337169995298609,True
31915,POSITIVA,232,232,0,0.0,0.07046710001304746,True
31949,NEGATIVA,154,154,0,0.0,0.10763470001984388,True
32000,POSITIVA,189,189,0,0.0,0.06856639997567981,True
32011,POSITIVA,182,182,0,0.0,0.06445180001901463,True
32017,REJEITADA,465,784,-319,0.0,0.06351000000722706,False
3211,POSITIVA,195,195,0,0.0,0.06724650005344301,True
32137,NEGATIVA,193,193,0,0.0,0.07478309998987243,True
32166,POSITIVA,223,223,0,0.0,0.07452919997740537,True
32203,NEGATIVA,176,176,0,0.0,0.07391249999636784,True
3225,POSITIVA,158,158,0,0.0,0.06650740001350641,True
32253,POSITIVA,198,198,0,0.0,0.08586349996039644,True
32319,NEGATIVA,182,182,0,0.0,0.06327809998765588,True
32414,NEGATIVA,138,138,0,0.0,0.07406239997362718,True
32420,NEGATIVA,130,130,0,0.0,0.06651259999489412,True
32426,POSITIVA,182,182,0,0.0,0.06925080000655726,True
32479,REJEITADA,456,784,-328,0.0,0.06210099998861551,False
32484,NEGATIVA,187,187,0,0.0,0.06309300003340468,True
32490,NEGATIVA,171,171,0,0.0,0.06667870003730059,True
32505,NEGATIVA,153,153,0,0.0,0.06336730002658442,True
32539,NEGATIVA,125,125,0,0.0,0.06656240002484992,True
32553,POSITIVA,224,224,0,0.0,0.06272170000011101,True
32644,NEGATIVA,218,218,0,0.0,0.07109070004662499,True
32663,NEGATIVA,143,143,0,0.0,0.05937550001544878,True
32730,NEGATIVA,161,161,0,0.0,0.06607129995245486,True
32790,NEGATIVA,133,133,0,0.0,0.06772270001238212,True
32883,NEGATIVA,129,129,0,0.0,0.07337060000281781,True
3293,POSITIVA,207,207,0,0.0,0.06623649998800829,True
33026,POSITIVA,201,201,0,0.0,0.07721050002146512,True
33099,REJEITADA,461,784,-323,0.0,0.06620329996803775,False
33132,NEGATIVA,149,149,0,0.0,0.06716919998871163,True
3318,NEGATIVA,155,155,0,0.0,0.06558339996263385,True
33251,POSITIVA,174,174,0,0.0,0.06381630001123995,True
33299,NEGATIVA,142,142,0,0.0,0.06586650002282113,True
3332,NEGATIVA,165,165,0,0.0,0.060984999989159405,True
33371,POSITIVA,203,203,0,0.0,0.06359159998828545,True
33382,POSITIVA,226,226,0,0.0,0.06858670001383871,True
33387,POSITIVA,176,176,0,0.0,0.07143369998084381,True
33388,POSITIVA,189,189,0,0.0,0.07470309996278957,True
33399,NEGATIVA,162,162,0,0.0,0.07027450000168756,True
33407,NEGATIVA,159,159,0,0.0,0.06526050000684336,True
33419,POSITIVA,215,215,0,0.0,0.06975710002006963,True
33439,POSITIVA,185,185,0,0.0,0.07028299994999543,True
33507,NEGATIVA,146,146,0,0.0,0.07282930001383647,True
3353,POSITIVA,195,195,0,0.0,0.06579240004066378,True
33566,NEGATIVA,165,165,0,0.0,0.06750519998604432,True
33587,NEGATIVA,131,131,0,0.0,0.06390680000185966,True
33624,NEGATIVA,135,135,0,0.0,0.10174840001855046,True
33777,POSITIVA,174,174,0,0.0,0.07041549996938556,True
33780,POSITIVA,203,203,0,0.0,0.07034620002377778,True
33839,POSITIVA,177,177,0,0.0,0.06678500003181398,True
33875,NEGATIVA,170,170,0,0.0,0.06881110003450885,True
3400,NEGATIVA,138,138,0,0.0,0.06824009999400005,True
34029,POSITIVA,173,173,0,0.0,0.07040339999366552,True
34140,NEGATIVA,161,161,0,0.0,0.06276070000603795,True
34143,REJEITADA,461,784,-323,0.0,0.0650444999919273,False
34165,POSITIVA,176,176,0,0.0,0.07221920002484694,True
34190,NEGATIVA,139,139,0,0.0,0.06768310000188649,True
34243,POSITIVA,200,200,0,0.0,0.0717651000013575,True
3425,POSITIVA,234,234,0,0.0,0.08004810003330931,True
34312,POSITIVA,211,211,0,0.0,0.07263290003174916,True
34563,POSITIVA,216,216,0,0.0,0.07120189996203408,True
34663,POSITIVA,176,176,0,0.0,0.06833600002573803,True
34695,NEGATIVA,138,138,0,0.0,0.07095289998687804,True
34734,POSITIVA,187,187,0,0.0,0.06796930002747104,True
34770,POSITIVA,173,173,0,0.0,0.07322120002936572,True
34794,POSITIVA,193,193,0,0.0,0.07171690004179254,True
34814,POSITIVA,161,161,0,0.0,0.07095690001733601,True
34846,NEGATIVA,195,195,0,0.0,0.07072630000766367,True
34872,POSITIVA,222,222,0,0.0,0.08224270003847778,True
34946,POSITIVA,250,250,0,0.0,0.0667750000138767,True
35017,POSITIVA,189,189,0,0.0,0.06725980003830045,True
35043,NEGATIVA,161,161,0,0.0,0.07872069999575615,True
35088,REJEITADA,479,784,-305,0.0,0.06528290000278503,False
3517,POSITIVA,213,213,0,0.0,0.0722735999734141,True
3521,NEGATIVA,165,165,0,0.0,0.06699999998090789,True
35300,POSITIVA,240,240,0,0.0,0.07009480003034696,True
35338,POSITIVA,224,224,0,0.0,0.07424240000545979,True
35354,NEGATIVA,148,148,0,0.0,0.07240629999432713,True
35383,POSITIVA,177,177,0,0.0,0.07243240001844242,True
35401,NEGATIVA,151,151,0,0.0,0.07006550004007295,True
35407,NEGATIVA,136,136,0,0.0,0.07123409997439012,True
35447,NEGATIVA,150,150,0,0.0,0.06713009998202324,True
35458,NEGATIVA,153,153,0,0.0,0.07121020002523437,True
3550,NEGATIVA,125,125,0,0.0,0.06435110000893474,True
35589,POSITIVA,180,180,0,0.0,0.07231819996377453,True
35604,POSITIVA,225,225,0,0.0,0.07146559999091551,True
35631,NEGATIVA,170,170,0,0.0,0.0758479000069201,True
35643,REJEITADA,467,784,-317,0.0,0.07898609997937456,False
35706,POSITIVA,201,201,0,0.0,0.06937300000572577,True
35776,POSITIVA,163,163,0,0.0,0.07214509998448193,True
35788,POSITIVA,225,225,0,0.0,0.0640337000368163,True
35843,POSITIVA,214,214,0,0.0,0.07069249998312443,True
35847,POSITIVA,219,219,0,0.0,0.065675999969244,True
35929,NEGATIVA,166,166,0,0.0,0.06636860000435263,True
35949,NEGATIVA,155,155,0,0.0,0.07072510005673394,True
35950,POSITIVA,207,207,0,0.0,0.07979899999918416,True
35958,REJEITADA,464,784,-320,0.0,0.09508609998738393,False
36008,REJEITADA,461,784,-323,0.0,0.06361319997813553,False
36199,POSITIVA,171,171,0,0.0,0.07102160004433244,True
36219,POSITIVA,170,170,0,0.0,0.07892320002429187,True
36233,POSITIVA,167,167,0,0.0,0.07010129996342584,True
36270,POSITIVA,190,190,0,0.0,0.07245149998925626,True
3643,POSITIVA,216,216,0,0.0,0.07026710000354797,True
36503,POSITIVA,178,178,0,0.0,0.07153329998254776,True
36622,POSITIVA,220,220,0,0.0,0.07657259999541566,True
36623,NEGATIVA,139,139,0,0.0,0.06235610001021996,True
36645,NEGATIVA,137,137,0,0.0,0.06624790001660585,True
36648,REJEITADA,473,784,-311,0.0,0.06075159995816648,False
36854,POSITIVA,192,192,0,0.0,0.07017140003154054,True
36870,POSITIVA,202,202,0,0.0,0.07120179996127263,True
3689,POSITIVA,184,184,0,0.0,0.07365880004363135,True
36913,POSITIVA,213,213,0,0.0,0.06409110000822693,True
36944,POSITIVA,209,209,0,0.0,0.06790639995597303,True
36946,NEGATIVA,134,134,0,0.0,0.06661729997722432,True
36959,POSITIVA,195,195,0,0.0,0.07360569998854771,True
37017,NEGATIVA,133,133,0,0.0,0.07105389999924228,True
37095,POSITIVA,232,232,0,0.0,0.06884140003239736,True
37130,POSITIVA,200,200,0,0.0,0.07174089999170974,True
37132,NEGATIVA,161,161,0,0.0,0.07123599998885766,True
37184,POSITIVA,203,203,0,0.0,0.06722950004041195,True
37280,NEGATIVA,153,153,0,0.0,0.06577789998846129,True
37281,NEGATIVA,182,182,0,0.0,0.06630290002794936,True
37299,POSITIVA,199,199,0,0.0,0.07257489999756217,True
37314,NEGATIVA,124,124,0,0.0,0.06424440001137555,True
37368,NEGATIVA,141,141,0,0.0,0.064479399996344,True
37406,POSITIVA,244,244,0,0.0,0.06782100000418723,True
37422,NEGATIVA,156,156,0,0.0,0.06811980000929907,True
37428,POSITIVA,193,193,0,0.0,0.08125399996060878,True
3744,POSITIVA,258,258,0,0.0,0.06870040000649169,True
37503,NEGATIVA,155,155,0,0.0,0.06928630004404113,True
3756,NEGATIVA,163,163,0,0.0,0.07065380003768951,True
37578,NEGATIVA,131,131,0,0.0,0.07414659997448325,True
37625,NEGATIVA,147,147,0,0.0,0.0738437999971211,True
37695,POSITIVA,192,192,0,0.0,0.07846170000266284,True
3807,POSITIVA,202,202,0,0.0,0.07526790001429617,True
3810,NEGATIVA,187,187,0,0.0,0.07045399997150525,True
38166,NEGATIVA,160,160,0,0.0,0.06723960000090301,True
38223,NEGATIVA,158,158,0,0.0,0.06896160001633689,True
38273,POSITIVA,153,153,0,0.0,0.07548569998471066,True
38277,NEGATIVA,152,152,0,0.0,0.07711049995850772,True
3835,NEGATIVA,141,141,0,0.0,0.07203460001619533,True
38351,POSITIVA,179,179,0,0.0,0.10166270000627264,True
3844,NEGATIVA,155,155,0,0.0,0.06987720000324771,True
38445,NEGATIVA,141,141,0,0.0,0.07002110005123541,True
38476,POSITIVA,184,184,0,0.0,0.07573679997585714,True
38529,NEGATIVA,131,131,0,0.0,0.0646833999780938,True
38589,POSITIVA,170,170,0,0.0,0.06774799997219816,True
38742,POSITIVA,187,187,0,0.0,0.07143790001282468,True
38772,POSITIVA,235,235,0,0.0,0.06793999997898936,True
38844,POSITIVA,243,243,0,0.0,0.07798359997104853,True
3891,POSITIVA,210,210,0,0.0,0.07243360002757981,True
38948,POSITIVA,212,212,0,0.0,0.06231740000657737,True
38956,POSITIVA,222,222,0,0.0,0.07438889995682985,True
38982,NEGATIVA,146,146,0,0.0,0.06164369999896735,True
38989,NEGATIVA,189,189,0,0.0,0.07145129999844357,True
39181,NEGATIVA,125,125,0,0.0,0.067154299991671,True
39355,POSITIVA,161,161,0,0.0,0.07196679996559396,True
3941,NEGATIVA,165,165,0,0.0,0.07386980002047494,True
39461,NEGATIVA,148,148,0,0.0,0.07244329998502508,True
39478,POSITIVA,199,199,0,0.0,0.07126920000882819,True
39499,POSITIVA,166,166,0,0.0,0.06871840002713725,True
39595,NEGATIVA,157,157,0,0.0,0.06848630000604317,True
39596,POSITIVA,224,224,0,0.0,0.07347399997524917,True
39604,REJEITADA,455,784,-329,0.0,0.06772219995036721,False
39693,POSITIVA,157,157,0,0.0,0.07116929994663224,True
39744,NEGATIVA,133,133,0,0.0,0.0637109000235796,True
39761,NEGATIVA,165,165,0,0.0,0.06900600000517443,True
39771,POSITIVA,250,250,0,0.0,0.06793069996638224,True
39786,NEGATIVA,156,156,0,0.0,0.07166609994601458,True
39820,NEGATIVA,176,176,0,0.0,0.06803619995480403,True
39900,NEGATIVA,147,147,0,0.0,0.07808350003324449,True
39928,NEGATIVA,176,176,0,0.0,0.07605390000389889,True
40011,POSITIVA,189,189,0,0.0,0.06357070000376552,True
4006,POSITIVA,263,263,0,0.0,0.06450829998357221,True
40064,POSITIVA,242,242,0,0.0,0.07253870001295581,True
40109,NEGATIVA,155,155,0,0.0,0.0706462999805808,True
40134,POSITIVA,208,208,0,0.0,0.07559190003667027,True
4021,POSITIVA,227,227,0,0.0,0.0825679000117816,True
40254,NEGATIVA,143,143,0,0.0,0.07238739996682853,True
4036,POSITIVA,192,192,0,0.0,0.0660735999699682,True
4043,POSITIVA,182,182,0,0.0,0.06576720002340153,True
40483,NEGATIVA,146,146,0,0.0,0.09381970000686124,True
40645,POSITIVA,236,236,0,0.0,0.06256490002851933,True
40689,POSITIVA,187,187,0,0.0,0.07025079999584705,True
40706,POSITIVA,204,204,0,0.0,0.076599600026384,True
40720,REJEITADA,471,784,-313,0.0,0.06873240001732484,False
40814,POSITIVA,189,189,0,0.0,0.06834069994511083,True
40892,NEGATIVA,161,161,0,0.0,0.06762980000348762,True
40928,POSITIVA,215,215,0,0.0,0.07743330002995208,True
40939,POSITIVA,202,202,0,0.0,0.06939050002256408,True
41013,POSITIVA,215,215,0,0.0,0.07685599999967963,True
41064,POSITIVA,245,245,0,0.0,0.06915469997329637,True
41267,POSITIVA,266,266,0,0.0,0.06966300000203773,True
41359,POSITIVA,206,206,0,0.0,0.06344619998708367,True
41378,NEGATIVA,157,157,0,0.0,0.07037359999958426,True
41428,NEGATIVA,139,139,0,0.0,0.11184949998278171,True
41491,NEGATIVA,167,167,0,0.0,0.06579369999235496,True
415,POSITIVA,176,176,0,0.0,0.06545399996684864,True
41544,POSITIVA,189,189,0,0.0,0.07325489999493584,True
41598,POSITIVA,225,225,0,0.0,0.09137219999684021,True
41632,NEGATIVA,144,144,0,0.0,0.06520790001377463,True
41699,POSITIVA,253,253,0,0.0,0.06766659999266267,True
41704,NEGATIVA,165,165,0,0.0,0.06534939998527989,True
41863,NEGATIVA,135,135,0,0.0,0.06660730001749471,True
41947,POSITIVA,196,196,0,0.0,0.05900910001946613,True
42060,POSITIVA,178,178,0,0.0,0.06924380001146346,True
42212,NEGATIVA,124,124,0,0.0,0.06706229998962954,True
42215,NEGATIVA,161,161,0,0.0,0.06783429998904467,True
42220,NEGATIVA,178,178,0,0.0,0.07702460000291467,True
4223,NEGATIVA,141,141,0,0.0,0.06495239998912439,True
42238,POSITIVA,240,240,0,0.0,0.06934819999150932,True
42291,POSITIVA,186,186,0,0.0,0.0737873999751173,True
4238,NEGATIVA,157,157,0,0.0,0.0689783999696374,True
42383,POSITIVA,216,216,0,0.0,0.06575390003854409,True
42434,REJEITADA,465,784,-319,0.0,0.08248280000407249,False
4246,NEGATIVA,162,162,0,0.0,0.06718600000021979,True
42470,POSITIVA,180,180,0,0.0,0.0665074999560602,True
42477,NEGATIVA,141,141,0,0.0,0.06656000000657514,True
4256,NEGATIVA,201,201,0,0.0,0.06808250001631677,True
42588,NEGATIVA,145,145,0,0.0,0.06455929996445775,True
4263,NEGATIVA,119,119,0,0.0,0.06468619999941438,True
42755,NEGATIVA,130,130,0,0.0,0.06752260000212118,True
42907,NEGATIVA,136,136,0,0.0,0.0666254999814555,True
4295,REJEITADA,463,784,-321,0.0,0.06902399996761233,False
42988,POSITIVA,228,228,0,0.0,0.07076269999379292,True
43029,NEGATIVA,152,152,0,0.0,0.07603260001633316,True
4305,POSITIVA,185,185,0,0.0,0.0661557000130415,True
43060,POSITIVA,223,223,0,0.0,0.07441200001630932,True
43076,NEGATIVA,127,127,0,0.0,0.062282999977469444,True
43171,NEGATIVA,145,145,0,0.0,0.07196049997583032,True
43226,POSITIVA,159,159,0,0.0,0.07053869997616857,True
43235,NEGATIVA,146,146,0,0.0,0.06478040001820773,True
43342,POSITIVA,215,215,0,0.0,0.06881570001132786,True
43353,NEGATIVA,114,114,0,0.0,0.07341070001712069,True
43403,POSITIVA,210,210,0,0.0,0.06639290001476184,True
43428,NEGATIVA,140,140,0,0.0,0.06899200001498684,True
43438,NEGATIVA,148,148,0,0.0,0.06835269997827709,True
43501,POSITIVA,230,230,0,0.0,0.059737299976404756,True
43511,POSITIVA,165,165,0,0.0,0.09272959997178987,True
43524,POSITIVA,195,195,0,0.0,0.07031410001218319,True
4369,NEGATIVA,145,145,0,0.0,0.07249140000203624,True
43773,REJEITADA,463,784,-321,0.0,0.06419669999741018,False
43817,NEGATIVA,154,154,0,0.0,0.07428879995131865,True
439,POSITIVA,199,199,0,0.0,0.0706532999756746,True
43907,POSITIVA,180,180,0,0.0,0.06944290001410991,True
43986,NEGATIVA,173,173,0,0.0,0.06960049999179319,True
43991,NEGATIVA,152,152,0,0.0,0.0704107999918051,True
4400,NEGATIVA,153,153,0,0.0,0.07177949999459088,True
44004,NEGATIVA,163,163,0,0.0,0.06878269999288023,True
44087,POSITIVA,171,171,0,0.0,0.0680786999873817,True
44138,NEGATIVA,168,168,0,0.0,0.060029399988707155,True
4419,POSITIVA,184,184,0,0.0,0.07022729999152943,True
44249,NEGATIVA,133,133,0,0.0,0.07293670001672581,True
44289,POSITIVA,178,178,0,0.0,0.06810910004423931,True
44338,NEGATIVA,174,174,0,0.0,0.06721730000572279,True
44388,NEGATIVA,136,136,0,0.0,0.06958499999018386,True
44391,POSITIVA,174,174,0,0.0,0.06552459998056293,True
44437,POSITIVA,191,191,0,0.0,0.069350800011307,True
44458,POSITIVA,181,181,0,0.0,0.0708662000251934,True
44514,POSITIVA,222,222,0,0.0,0.06890179996844381,True
44609,NEGATIVA,167,167,0,0.0,0.06425809999927878,True
44699,POSITIVA,178,178,0,0.0,0.07695349998539314,True
44799,NEGATIVA,165,165,0,0.0,0.06726589996833354,True
44903,NEGATIVA,156,156,0,0.0,0.0677187999826856,True
44968,POSITIVA,213,213,0,0.0,0.06954759999644011,True
44997,POSITIVA,199,199,0,0.0,0.061665199988055974,True
45000,NEGATIVA,150,150,0,0.0,0.06875169998966157,True
45019,POSITIVA,179,179,0,0.0,0.07440550002502277,True
45027,POSITIVA,164,164,0,0.0,0.06775460002245381,True
45079,NEGATIVA,178,178,0,0.0,0.06533210002817214,True
45106,POSITIVA,215,215,0,0.0,0.06773660000180826,True
45109,POSITIVA,192,192,0,0.0,0.06343239999841899,True
4512,NEGATIVA,170,170,0,0.0,0.10501870000734925,True
45161,POSITIVA,247,247,0,0.0,0.07109949999721721,True
452,NEGATIVA,145,145,0,0.0,0.06653630000073463,True
45239,NEGATIVA,142,142,0,0.0,0.0668493999983184,True
45249,POSITIVA,214,214,0,0.0,0.06378199998289347,True
45272,NEGATIVA,140,140,0,0.0,0.06235379999270663,True
45289,NEGATIVA,159,159,0,0.0,0.06509220000589266,True
45317,POSITIVA,194,194,0,0.0,0.06892119999974966,True
45351,POSITIVA,218,218,0,0.0,0.06626320001669228,True
45553,POSITIVA,218,218,0,0.0,0.06746859999839216,True
45599,NEGATIVA,137,137,0,0.0,0.07971609995001927,True
45646,POSITIVA,184,184,0,0.0,0.0699474000139162,True
45653,NEGATIVA,194,194,0,0.0,0.08094230003189296,True
45675,NEGATIVA,134,134,0,0.0,0.08266559999901801,True
4580,POSITIVA,209,209,0,0.0,0.06335830001626164,True
45843,NEGATIVA,144,144,0,0.0,0.07205090002389625,True
45882,POSITIVA,202,202,0,0.0,0.07058890000917017,True
459,NEGATIVA,178,178,0,0.0,0.06927269999869168,True
45954,POSITIVA,216,216,0,0.0,0.07633249997161329,True
45988,POSITIVA,248,248,0,0.0,0.06788600003346801,True
46110,POSITIVA,183,183,0,0.0,0.06991019996348768,True
46184,NEGATIVA,146,146,0,0.0,0.06479819997912273,True
46216,POSITIVA,211,211,0,0.0,0.0673096000100486,True
46231,POSITIVA,201,201,0,0.0,0.07012639997992665,True
46252,POSITIVA,198,198,0,0.0,0.12379169999621809,True
46279,NEGATIVA,132,132,0,0.0,0.07093449996318668,True
4628,NEGATIVA,117,117,0,0.0,0.07577599998330697,True
46330,POSITIVA,181,181,0,0.0,0.06619969999883324,True
46337,POSITIVA,195,195,0,0.0,0.06884429999627173,True
46368,REJEITADA,474,784,-310,0.0,0.06953209999483079,False
46500,NEGATIVA,122,122,0,0.0,0.0639089000178501,True
46523,NEGATIVA,172,172,0,0.0,0.07158210000488907,True
46527,POSITIVA,187,187,0,0.0,0.064244500012137,True
46570,NEGATIVA,195,195,0,0.0,0.07132589997490868,True
46573,REJEITADA,454,784,-330,0.0,0.07230919995345175,False
46634,NEGATIVA,144,144,0,0.0,0.07280900003388524,True
4669,POSITIVA,178,178,0,0.0,0.0664581999881193,True
46719,POSITIVA,203,203,0,0.0,0.06990100000984967,True
46738,POSITIVA,204,204,0,0.0,0.06562379997922108,True
46756,POSITIVA,220,220,0,0.0,0.07044410001253709,True
46817,POSITIVA,235,235,0,0.0,0.06863329996122047,True
46937,NEGATIVA,115,115,0,0.0,0.0791548999841325,True
46998,POSITIVA,204,204,0,0.0,0.062455000006593764,True
47030,POSITIVA,223,223,0,0.0,0.06958339997800067,True
47066,POSITIVA,210,210,0,0.0,0.07115960004739463,True
47207,NEGATIVA,191,191,0,0.0,0.0694435999612324,True
47218,POSITIVA,258,258,0,0.0,0.06541949999518692,True
47295,POSITIVA,200,200,0,0.0,0.06851789995562285,True
47311,NEGATIVA,157,157,0,0.0,0.06670989998383448,True
47315,POSITIVA,189,189,0,0.0,0.06524590001208708,True
4735,NEGATIVA,136,136,0,0.0,0.06683239998528734,True
47359,POSITIVA,196,196,0,0.0,0.06750299996929243,True
4742,NEGATIVA,163,163,0,0.0,0.07067760004429147,True
47425,POSITIVA,220,220,0,0.0,0.0707348000141792,True
47481,NEGATIVA,123,123,0,0.0,0.06979530001990497,True
47496,NEGATIVA,159,159,0,0.0,0.06359779997728765,True
47618,NEGATIVA,184,184,0,0.0,0.06885849998798221,True
47654,NEGATIVA,137,137,0,0.0,0.09239920001709834,True
47655,NEGATIVA,199,199,0,0.0,0.07331170001998544,True
47730,POSITIVA,195,195,0,0.0,0.06560929998522624,True
47781,POSITIVA,215,215,0,0.0,0.07053799997083843,True
47882,POSITIVA,203,203,0,0.0,0.07954850001260638,True
47886,POSITIVA,209,209,0,0.0,0.07992539997212589,True
47913,NEGATIVA,151,151,0,0.0,0.07248360000085086,True
47930,NEGATIVA,164,164,0,0.0,0.06258329999400303,True
47936,POSITIVA,248,248,0,0.0,0.06686309998622164,True
48160,POSITIVA,204,204,0,0.0,0.07082570000784472,True
48192,POSITIVA,168,168,0,0.0,0.0685492999618873,True
4825,REJEITADA,465,784,-319,0.0,0.06801129999803379,False
48329,POSITIVA,194,194,0,0.0,0.07036720000905916,True
48415,NEGATIVA,152,152,0,0.0,0.06918729998869821,True
48431,NEGATIVA,135,135,0,0.0,0.0658061999711208,True
48494,POSITIVA,264,264,0,0.0,0.06786030001239851,True
48521,REJEITADA,459,784,-325,0.0,0.07004790002247319,False
48555,POSITIVA,194,194,0,0.0,0.06544150004629046,True
48557,NEGATIVA,156,156,0,0.0,0.07378460001200438,True
48683,NEGATIVA,143,143,0,0.0,0.06537219998426735,True
48711,POSITIVA,181,181,0,0.0,0.06585289997747168,True
48828,POSITIVA,217,217,0,0.0,0.07864779996452853,True
48859,NEGATIVA,152,152,0,0.0,0.07520929997554049,True
48967,POSITIVA,185,185,0,0.0,0.07255610002903268,True
48978,NEGATIVA,144,144,0,0.0,0.06532069999957457,True
48981,NEGATIVA,142,142,0,0.0,0.06548759998986498,True
49016,POSITIVA,218,218,0,0.0,0.07510449999244884,True
49051,POSITIVA,198,198,0,0.0,0.08445249998476356,True
49054,NEGATIVA,141,141,0,0.0,0.06670099997427315,True
49082,NEGATIVA,159,159,0,0.0,0.11104059999343008,True
49114,POSITIVA,204,204,0,0.0,0.06813979998696595,True
49147,NEGATIVA,137,137,0,0.0,0.06416660000104457,True
49183,NEGATIVA,138,138,0,0.0,0.06854890001704916,True
49250,POSITIVA,198,198,0,0.0,0.06782950001070276,True
49254,NEGATIVA,132,132,0,0.0,0.09866310004144907,True
4927,POSITIVA,173,173,0,0.0,0.07263549999333918,True
49422,POSITIVA,244,244,0,0.0,0.06845650001196191,True
49431,NEGATIVA,131,131,0,0.0,0.0986896000104025,True
49438,POSITIVA,187,187,0,0.0,0.07245109998621047,True
49453,POSITIVA,183,183,0,0.0,0.06593380001140758,True
49467,NEGATIVA,148,148,0,0.0,0.06463340000482276,True
49648,NEGATIVA,159,159,0,0.0,0.06547189998673275,True
49701,REJEITADA,465,784,-319,0.0,0.07396519999019802,False
49789,NEGATIVA,136,136,0,0.0,0.060922800039406866,True
4988,NEGATIVA,187,187,0,0.0,0.061824600037653,True
49948,NEGATIVA,153,153,0,0.0,0.06799949996639043,True
49966,NEGATIVA,134,134,0,0.0,0.07203199999639764,True
500,NEGATIVA,153,153,0,0.0,0.0644614000339061,True
50001,POSITIVA,206,206,0,0.0,0.07267389999469742,True
50007,REJEITADA,452,784,-332,0.0,0.06084809999447316,False
50074,POSITIVA,211,211,0,0.0,0.06540789996506646,True
50112,POSITIVA,195,195,0,0.0,0.06444159999955446,True
50361,NEGATIVA,169,169,0,0.0,0.07152019999921322,True
50363,POSITIVA,206,206,0,0.0,0.06315669999457896,True
50364,NEGATIVA,142,142,0,0.0,0.07291640003677458,True
50412,NEGATIVA,156,156,0,0.0,0.07024939998518676,True
50413,POSITIVA,215,215,0,0.0,0.06837580003775656,True
50442,POSITIVA,258,258,0,0.0,0.09179600002244115,True
50459,POSITIVA,185,185,0,0.0,0.0662849000073038,True
50524,POSITIVA,197,197,0,0.0,0.06622650002827868,True
50532,POSITIVA,196,196,0,0.0,0.07621009997092187,True
50555,POSITIVA,212,212,0,0.0,0.0707842000410892,True
50634,REJEITADA,454,784,-330,0.0,0.06694380001863465,False
50688,NEGATIVA,173,173,0,0.0,0.06895270000677556,True
50692,POSITIVA,209,209,0,0.0,0.06603419996099547,True
50714,NEGATIVA,157,157,0,0.0,0.06281909998506308,True
50755,NEGATIVA,130,130,0,0.0,0.06623350002337247,True
5086,REJEITADA,474,784,-310,0.0,0.07525100000202656,False
50965,POSITIVA,225,225,0,0.0,0.08023029996547848,True
50970,POSITIVA,166,166,0,0.0,0.06909499998437241,True
51058,REJEITADA,466,784,-318,0.0,0.06619499996304512,False
51063,NEGATIVA,145,145,0,0.0,0.06875380000565201,True
5112,REJEITADA,461,784,-323,0.0,0.06289820000529289,False
51243,POSITIVA,229,229,0,0.0,0.07232399994973093,True
51268,NEGATIVA,139,139,0,0.0,0.06650620000436902,True
5127,NEGATIVA,164,164,0,0.0,0.06821940001100302,True
51330,REJEITADA,468,784,-316,0.0,0.0650235999491997,False
5139,NEGATIVA,167,167,0,0.0,0.07177189999492839,True
51705,POSITIVA,200,200,0,0.0,0.06826529995305464,True
51747,POSITIVA,210,210,0,0.0,0.06754130002809688,True
51768,NEGATIVA,164,164,0,0.0,0.07271579996449873,True
51798,NEGATIVA,151,151,0,0.0,0.07578850002028048,True
51848,NEGATIVA,161,161,0,0.0,0.10548209998523816,True
51878,POSITIVA,174,174,0,0.0,0.06976719998056069,True
51897,POSITIVA,197,197,0,0.0,0.07051470002625138,True
51943,POSITIVA,214,214,0,0.0,0.06603499996708706,True
52033,POSITIVA,220,220,0,0.0,0.06536700000287965,True
52090,POSITIVA,195,195,0,0.0,0.07564969995291904,True
52091,POSITIVA,175,175,0,0.0,0.06653230002848431,True
52098,NEGATIVA,127,127,0,0.0,0.06697109999367967,True
52111,NEGATIVA,136,136,0,0.0,0.09411829995224252,True
52115,POSITIVA,182,182,0,0.0,0.06736879999516532,True
52219,POSITIVA,185,185,0,0.0,0.07069480000063777,True
52240,NEGATIVA,148,148,0,0.0,0.0655587000073865,True
52307,NEGATIVA,140,140,0,0.0,0.07085359998745844,True
52379,NEGATIVA,139,139,0,0.0,0.06864880002103746,True
52386,NEGATIVA,152,152,0,0.0,0.062019100005272776,True
52390,NEGATIVA,208,208,0,0.0,0.06357639998896047,True
52455,NEGATIVA,140,140,0,0.0,0.07343829999445006,True
52607,NEGATIVA,148,148,0,0.0,0.0623753999825567,True
52671,POSITIVA,223,223,0,0.0,0.07986349996645004,True
52690,NEGATIVA,145,145,0,0.0,0.06407319998834282,True
52699,POSITIVA,196,196,0,0.0,0.07933360000606626,True
52733,POSITIVA,161,161,0,0.0,0.07000459998380393,True
52810,NEGATIVA,157,157,0,0.0,0.06851680000545457,True
52900,POSITIVA,229,229,0,0.0,0.06690479995450005,True
52922,NEGATIVA,164,164,0,0.0,0.08103330002631992,True
52939,REJEITADA,471,784,-313,0.0,0.06242269999347627,False
53037,NEGATIVA,224,224,0,0.0,0.06789390003541484,True
53075,NEGATIVA,169,169,0,0.0,0.0715665000025183,True
53083,REJEITADA,473,784,-311,0.0,0.06502420001197606,False
53167,NEGATIVA,174,174,0,0.0,0.06793190003372729,True
53225,NEGATIVA,145,145,0,0.0,0.06387600000016391,True
53248,POSITIVA,201,201,0,0.0,0.07114159996854141,True
5337,NEGATIVA,124,124,0,0.0,0.10292660002596676,True
53420,POSITIVA,211,211,0,0.0,0.06529590004356578,True
53445,POSITIVA,219,219,0,0.0,0.06870830000843853,True
53560,NEGATIVA,167,167,0,0.0,0.06919599999673665,True
53660,POSITIVA,197,197,0,0.0,0.07627409999258816,True
53740,NEGATIVA,161,161,0,0.0,0.07129620003979653,True
53765,POSITIVA,189,189,0,0.0,0.06625179998809472,True
53864,POSITIVA,213,213,0,0.0,0.06815939996158704,True
53923,NEGATIVA,167,167,0,0.0,0.06103569996776059,True
53995,NEGATIVA,162,162,0,0.0,0.06628830003319308,True
54054,POSITIVA,219,219,0,0.0,0.07808989996556193,True
54073,NEGATIVA,150,150,0,0.0,0.0683382999850437,True
54180,REJEITADA,463,784,-321,0.0,0.06378440000116825,False
54191,REJEITADA,468,784,-316,0.0,0.06339769996702671,False
54291,NEGATIVA,141,141,0,0.0,0.06510810001054779,True
5430,POSITIVA,242,242,0,0.0,0.0789871999877505,True
54344,POSITIVA,194,194,0,0.0,0.08931529999244958,True
54377,POSITIVA,202,202,0,0.0,0.07473620004020631,True
54406,NEGATIVA,165,165,0,0.0,0.06540220003807917,True
54423,POSITIVA,200,200,0,0.0,0.0689709999714978,True
54530,REJEITADA,459,784,-325,0.0,0.06505109998397529,False
5455,NEGATIVA,127,127,0,0.0,0.06148680002661422,True
54568,NEGATIVA,142,142,0,0.0,0.06457490002503619,True
54624,POSITIVA,242,242,0,0.0,0.08142850000876933,True
54727,NEGATIVA,152,152,0,0.0,0.06528879998950288,True
54787,POSITIVA,192,192,0,0.0,0.06672790000448003,True
54910,NEGATIVA,172,172,0,0.0,0.06452389998594299,True
5493,NEGATIVA,125,125,0,0.0,0.06492340000113472,True
54930,NEGATIVA,159,159,0,0.0,0.06684009998571128,True
54954,POSITIVA,205,205,0,0.0,0.07456629996886477,True
5497,NEGATIVA,135,135,0,0.0,0.06806899997172877,True
55,POSITIVA,218,218,0,0.0,0.06493570003658533,True
55026,POSITIVA,192,192,0,0.0,0.07044029998360202,True
55071,NEGATIVA,157,157,0,0.0,0.06443699996452779,True
55179,NEGATIVA,188,188,0,0.0,0.06419710000045598,True
55257,NEGATIVA,151,151,0,0.0,0.06689469999400899,True
55268,REJEITADA,462,784,-322,0.0,0.07450829999288544,False
5534,POSITIVA,198,198,0,0.0,0.06684649997623637,True
55343,NEGATIVA,146,146,0,0.0,0.0620892999577336,True
55353,REJEITADA,458,784,-326,0.0,0.06466869998257607,False
55471,POSITIVA,190,190,0,0.0,0.07266860001254827,True
5548,REJEITADA,456,784,-328,0.0,0.06681619997834787,False
55606,POSITIVA,197,197,0,0.0,0.09775050001917407,True
55614,POSITIVA,199,199,0,0.0,0.06831270002294332,True
5562,NEGATIVA,154,154,0,0.0,0.06865829997695982,True
55677,NEGATIVA,207,207,0,0.0,0.06640000001061708,True
55790,POSITIVA,182,182,0,0.0,0.06570070004090667,True
55864,NEGATIVA,166,166,0,0.0,0.10982890002196655,True
55880,POSITIVA,177,177,0,0.0,0.06732380000175908,True
55893,NEGATIVA,196,196,0,0.0,0.06929120002314448,True
55947,NEGATIVA,148,148,0,0.0,0.06402979994891211,True
5597,POSITIVA,193,193,0,0.0,0.06524949998129159,True
55979,POSITIVA,183,183,0,0.0,0.06394909997470677,True
56039,POSITIVA,192,192,0,0.0,0.073296099959407,True
56047,NEGATIVA,149,149,0,0.0,0.08236020000185817,True
5611,NEGATIVA,199,199,0,0.0,0.0722542000003159,True
56134,NEGATIVA,179,179,0,0.0,0.0722925000009127,True
56180,POSITIVA,227,227,0,0.0,0.06789289996959269,True
56265,NEGATIVA,169,169,0,0.0,0.06313580001005903,True
5633,POSITIVA,199,199,0,0.0,0.07306389999575913,True
56387,POSITIVA,177,177,0,0.0,0.06879010004922748,True
56398,NEGATIVA,159,159,0,0.0,0.0806132000288926,True
5640,NEGATIVA,142,142,0,0.0,0.07469270000001416,True
56412,POSITIVA,247,247,0,0.0,0.06831770000280812,True
56447,POSITIVA,202,202,0,0.0,0.06370820000302047,True
56578,NEGATIVA,143,143,0,0.0,0.07645300001604483,True
56613,POSITIVA,184,184,0,0.0,0.06836579996161163,True
56751,POSITIVA,177,177,0,0.0,0.0726324999704957,True
56849,NEGATIVA,142,142,0,0.0,0.10404059995198622,True
56911,POSITIVA,178,178,0,0.0,0.06996220001019537,True
56921,NEGATIVA,136,136,0,0.0,0.06743609998375177,True
56959,POSITIVA,217,217,0,0.0,0.06691769999451935,True
5696,POSITIVA,210,210,0,0.0,0.07506370003102347,True
56994,NEGATIVA,144,144,0,0.0,0.07099949999246746,True
57021,REJEITADA,461,784,-323,0.0,0.06702620000578463,False
57056,NEGATIVA,162,162,0,0.0,0.06771390000358224,True
57077,POSITIVA,207,207,0,0.0,0.06853450002381578,True
57172,REJEITADA,457,784,-327,0.0,0.06395609996980056,False
57194,NEGATIVA,161,161,0,0.0,0.06714890000876039,True
57195,NEGATIVA,151,151,0,0.0,0.06796580000082031,True
57513,POSITIVA,182,182,0,0.0,0.06795050000073388,True
57625,NEGATIVA,152,152,0,0.0,0.07653389999177307,True
57664,POSITIVA,200,200,0,0.0,0.06693099997937679,True
57665,POSITIVA,211,211,0,0.0,0.07698159996652976,True
57689,NEGATIVA,135,135,0,0.0,0.06759659998351708,True
57737,REJEITADA,468,784,-316,0.0,0.07250660000136122,False
5775,POSITIVA,184,184,0,0.0,0.0665277000516653,True
57750,NEGATIVA,145,145,0,0.0,0.06864719995064661,True
57772,POSITIVA,178,178,0,0.0,0.06754040002124384,True
57788,NEGATIVA,138,138,0,0.0,0.06941739999456331,True
57804,NEGATIVA,133,133,0,0.0,0.07660909998230636,True
57864,NEGATIVA,157,157,0,0.0,0.06723919999785721,True
57897,NEGATIVA,139,139,0,0.0,0.06222539994632825,True
5791,POSITIVA,216,216,0,0.0,0.06698130001313984,True
58024,POSITIVA,202,202,0,0.0,0.07700009999098256,True
58077,NEGATIVA,144,144,0,0.0,0.07262639998225495,True
58097,NEGATIVA,165,165,0,0.0,0.06488760001957417,True
58113,NEGATIVA,152,152,0,0.0,0.06489879998844117,True
5812,NEGATIVA,178,178,0,0.0,0.07634990004589781,True
58239,POSITIVA,270,270,0,0.0,0.06336369999917224,True
58394,POSITIVA,182,182,0,0.0,0.09610510000493377,True
58431,NEGATIVA,161,161,0,0.0,0.07388719997834414,True
58495,NEGATIVA,159,159,0,0.0,0.06512150005437434,True
58525,NEGATIVA,129,129,0,0.0,0.06342730001779273,True
58640,NEGATIVA,161,161,0,0.0,0.10069629998179153,True
58693,POSITIVA,203,203,0,0.0,0.07194620004156604,True
58747,NEGATIVA,139,139,0,0.0,0.06396040000254288,True
58785,NEGATIVA,152,152,0,0.0,0.06752229999983683,True
58837,POSITIVA,216,216,0,0.0,0.07336770003894344,True
58924,NEGATIVA,158,158,0,0.0,0.06975159997818992,True
58937,NEGATIVA,135,135,0,0.0,0.06369109998922795,True
59067,POSITIVA,183,183,0,0.0,0.0729752000188455,True
59081,NEGATIVA,146,146,0,0.0,0.061689999944064766,True
59168,NEGATIVA,138,138,0,0.0,0.06205249996855855,True
59265,POSITIVA,159,159,0,0.0,0.06557599996449426,True
59294,REJEITADA,475,784,-309,0.0,0.06285740004386753,False
59303,REJEITADA,461,784,-323,0.0,0.06925549998413771,False
59307,NEGATIVA,134,134,0,0.0,0.0652117999852635,True
59340,POSITIVA,205,205,0,0.0,0.07099969999399036,True
59350,NEGATIVA,142,142,0,0.0,0.062416300002951175,True
59352,NEGATIVA,146,146,0,0.0,0.06813049997435883,True
59398,NEGATIVA,141,141,0,0.0,0.07175359997199848,True
59535,NEGATIVA,125,125,0,0.0,0.06523460004245862,True
59603,POSITIVA,169,169,0,0.0,0.06696570001076907,True
5970,NEGATIVA,165,165,0,0.0,0.06297010002890602,True
59834,POSITIVA,180,180,0,0.0,0.06757039995864034,True
59914,NEGATIVA,162,162,0,0.0,0.06429449998540804,True
59996,NEGATIVA,148,148,0,0.0,0.0642857999773696,True
60142,NEGATIVA,153,153,0,0.0,0.06473809998715296,True
60177,POSITIVA,206,206,0,0.0,0.09680880000814795,True
60181,POSITIVA,179,179,0,0.0,0.06770779995713383,True
60184,POSITIVA,223,223,0,0.0,0.09513850003713742,True
60205,NEGATIVA,144,144,0,0.0,0.06464400002732873,True
60233,POSITIVA,248,248,0,0.0,0.07163229997968301,True
60309,NEGATIVA,151,151,0,0.0,0.0698034999659285,True
60310,NEGATIVA,156,156,0,0.0,0.06779959995765239,True
6033,NEGATIVA,125,125,0,0.0,0.06757049995940179,True
60408,NEGATIVA,157,157,0,0.0,0.06148050003685057,True
60435,POSITIVA,219,219,0,0.0,0.06971979996887967,True
60538,POSITIVA,201,201,0,0.0,0.06697970000095665,True
60727,NEGATIVA,166,166,0,0.0,0.06650529999751598,True
60781,POSITIVA,251,251,0,0.0,0.07325460005085915,True
60815,NEGATIVA,134,134,0,0.0,0.06379459996242076,True
60849,NEGATIVA,152,152,0,0.0,0.07585959997959435,True
60899,POSITIVA,203,203,0,0.0,0.07511740003246814,True
60957,NEGATIVA,172,172,0,0.0,0.066311200032942,True
6098,NEGATIVA,145,145,0,0.0,0.0663351000403054,True
60982,REJEITADA,452,784,-332,0.0,0.06965960003435612,False
61018,POSITIVA,200,200,0,0.0,0.07108880003215745,True
61067,NEGATIVA,172,172,0,0.0,0.06210429995553568,True
61149,POSITIVA,195,195,0,0.0,0.06510319997323677,True
61208,REJEITADA,463,784,-321,0.0,0.07185399997979403,False
61215,NEGATIVA,175,175,0,0.0,0.07378709997283295,True
61259,POSITIVA,201,201,0,0.0,0.06446659995708615,True
61267,REJEITADA,456,511,-55,0.0,0.09149980003712699,False
61464,POSITIVA,219,219,0,0.0,0.06403040001168847,True
61472,NEGATIVA,185,185,0,0.0,0.06315920001361519,True
615,POSITIVA,165,165,0,0.0,0.07487469998886809,True
61502,POSITIVA,226,226,0,0.0,0.07657760003348812,True
61530,REJEITADA,467,784,-317,0.0,0.06410630000755191,False
61588,NEGATIVA,147,147,0,0.0,0.06348010001238436,True
61607,NEGATIVA,194,194,0,0.0,0.0698774000047706,True
61612,NEGATIVA,119,119,0,0.0,0.06921679998049513,True
61651,POSITIVA,191,191,0,0.0,0.07045769999967888,True
6175,NEGATIVA,121,121,0,0.0,0.07203620002837852,True
61758,POSITIVA,211,211,0,0.0,0.07444920000853017,True
61782,NEGATIVA,220,220,0,0.0,0.0708287000306882,True
61797,NEGATIVA,154,154,0,0.0,0.06440249999286607,True
61928,NEGATIVA,149,149,0,0.0,0.0655962000018917,True
62004,POSITIVA,257,257,0,0.0,0.06598259997554123,True
62031,NEGATIVA,148,148,0,0.0,0.07152519997907802,True
62072,NEGATIVA,157,157,0,0.0,0.06496479996712878,True
62086,NEGATIVA,152,152,0,0.0,0.07245480001438409,True
62174,NEGATIVA,154,154,0,0.0,0.0661367999855429,True
62211,POSITIVA,184,184,0,0.0,0.07269400003133342,True
6223,POSITIVA,170,170,0,0.0,0.07553279999410734,True
62255,NEGATIVA,177,177,0,0.0,0.06827019999036565,True
62453,NEGATIVA,163,163,0,0.0,0.06797640002332628,True
62511,NEGATIVA,192,192,0,0.0,0.06363829999463633,True
62587,NEGATIVA,151,151,0,0.0,0.07903859997168183,True
62594,NEGATIVA,168,168,0,0.0,0.07021049998002127,True
6261,POSITIVA,175,175,0,0.0,0.0775597000028938,True
62618,NEGATIVA,139,139,0,0.0,0.06764650001423433,True
62650,POSITIVA,230,230,0,0.0,0.06982590002007782,True
62691,POSITIVA,208,208,0,0.0,0.07506840000860393,True
62834,POSITIVA,228,228,0,0.0,0.06902029999764636,True
62849,POSITIVA,197,197,0,0.0,0.0725533000077121,True
62856,POSITIVA,198,198,0,0.0,0.06473290000576526,True
62893,NEGATIVA,147,147,0,0.0,0.06224680005107075,True
62921,NEGATIVA,160,160,0,0.0,0.06624640000518411,True
62935,POSITIVA,200,200,0,0.0,0.07048070000018924,True
62945,NEGATIVA,140,140,0,0.0,0.06533269997453317,True
62953,REJEITADA,465,509,-44,0.0,0.07234300003619865,False
6298,NEGATIVA,137,137,0,0.0,0.07389890000922605,True
6309,NEGATIVA,174,174,0,0.0,0.06458790000760928,True
63285,NEGATIVA,154,154,0,0.0,0.08425820001866668,True
63340,POSITIVA,204,204,0,0.0,0.06961910001700744,True
63381,REJEITADA,458,784,-326,0.0,0.06585429998813197,False
63448,NEGATIVA,159,159,0,0.0,0.06760959996609017,True
63466,POSITIVA,208,208,0,0.0,0.06991689995629713,True
63486,NEGATIVA,143,143,0,0.0,0.07491069997195154,True
63487,NEGATIVA,138,138,0,0.0,0.06087899999693036,True
63515,NEGATIVA,124,124,0,0.0,0.0672410000115633,True
63559,POSITIVA,223,223,0,0.0,0.07169989997055382,True
63576,POSITIVA,206,206,0,0.0,0.06741310004144907,True
63717,NEGATIVA,177,177,0,0.0,0.06627790001221001,True
63829,POSITIVA,196,196,0,0.0,0.0659517000312917,True
63833,POSITIVA,238,238,0,0.0,0.06730309996055439,True
63845,POSITIVA,179,179,0,0.0,0.07581710000522435,True
64092,POSITIVA,208,208,0,0.0,0.07170640002004802,True
64164,NEGATIVA,158,158,0,0.0,0.07029549998696893,True
6420,NEGATIVA,145,145,0,0.0,0.07083939999574795,True
64218,POSITIVA,154,154,0,0.0,0.06718960002763197,True
64230,POSITIVA,160,160,0,0.0,0.07397229998605326,True
643,NEGATIVA,135,135,0,0.0,0.06407249998301268,True
64311,NEGATIVA,156,156,0,0.0,0.06796479999320582,True
6437,POSITIVA,178,178,0,0.0,0.06528260000050068,True
64390,POSITIVA,170,170,0,0.0,0.06315750000067055,True
64545,POSITIVA,220,220,0,0.0,0.06400950002716854,True
64605,REJEITADA,461,784,-323,0.0,0.07385709998197854,False
64635,NEGATIVA,148,148,0,0.0,0.07034219999331981,True
64714,NEGATIVA,131,131,0,0.0,0.07701609999639913,True
64724,POSITIVA,223,223,0,0.0,0.06729360000463203,True
64726,POSITIVA,211,211,0,0.0,0.07227090001106262,True
64750,POSITIVA,204,204,0,0.0,0.06499799998709932,True
64755,REJEITADA,452,784,-332,0.0,0.07059459999436513,False
6477,POSITIVA,164,164,0,0.0,0.06652540003415197,True
64797,POSITIVA,195,195,0,0.0,0.0795273999683559,True
64839,POSITIVA,193,193,0,0.0,0.07026509998831898,True
64854,NEGATIVA,139,139,0,0.0,0.06724609999218956,True
64879,POSITIVA,239,239,0,0.0,0.08383250003680587,True
6489,NEGATIVA,147,147,0,0.0,0.06703269999707118,True
64922,POSITIVA,208,208,0,0.0,0.09355329995742068,True
65003,POSITIVA,165,165,0,0.0,0.07000290002906695,True
65028,NEGATIVA,152,152,0,0.0,0.05963899998459965,True
65067,POSITIVA,243,243,0,0.0,0.07839129999047145,True
65129,POSITIVA,178,178,0,0.0,0.06946369999786839,True
65168,NEGATIVA,148,148,0,0.0,0.07265480002388358,True
65300,POSITIVA,202,202,0,0.0,0.06602799997199327,True
65306,POSITIVA,183,183,0,0.0,0.06897610001033172,True
65387,POSITIVA,189,189,0,0.0,0.06837839999934658,True
65472,NEGATIVA,128,128,0,0.0,0.06966360000660643,True
65583,NEGATIVA,144,144,0,0.0,0.06896549998782575,True
65611,POSITIVA,184,184,0,0.0,0.10389159998157993,True
65616,NEGATIVA,151,151,0,0.0,0.06735799997113645,True
65621,POSITIVA,196,196,0,0.0,0.06956610002089292,True
65700,NEGATIVA,156,156,0,0.0,0.06787530001020059,True
65764,NEGATIVA,146,146,0,0.0,0.09562959999311715,True
65836,POSITIVA,232,232,0,0.0,0.06936589995166287,True
65855,POSITIVA,207,207,0,0.0,0.08864169998560101,True
65882,NEGATIVA,155,155,0,0.0,0.06884660001378506,True
65960,POSITIVA,222,222,0,0.0,0.0794162999955006,True
66011,NEGATIVA,165,165,0,0.0,0.06322849995922297,True
66030,NEGATIVA,194,194,0,0.0,0.06343950005248189,True
66317,POSITIVA,179,179,0,0.0,0.06745229999069124,True
66322,NEGATIVA,150,150,0,0.0,0.0631514000124298,True
66343,POSITIVA,186,186,0,0.0,0.07239370001479983,True
66358,POSITIVA,218,218,0,0.0,0.07340140000451356,True
66432,REJEITADA,460,784,-324,0.0,0.06608040002174675,False
66465,NEGATIVA,147,147,0,0.0,0.07406310003716499,True
66492,POSITIVA,158,158,0,0.0,0.11467810004251078,True
66593,NEGATIVA,140,140,0,0.0,0.07667860004585236,True
6662,NEGATIVA,150,150,0,0.0,0.06791189999785274,True
66646,NEGATIVA,147,147,0,0.0,0.0734342000214383,True
66654,POSITIVA,198,198,0,0.0,0.06779379997169599,True
66676,NEGATIVA,147,147,0,0.0,0.06027360004372895,True
66765,POSITIVA,179,179,0,0.0,0.07646119996206835,True
66873,NEGATIVA,133,133,0,0.0,0.07400789996609092,True
66882,NEGATIVA,138,138,0,0.0,0.06459329999051988,True
66940,NEGATIVA,160,160,0,0.0,0.0653984000091441,True
66973,NEGATIVA,131,131,0,0.0,0.06842050002887845,True
67011,POSITIVA,200,200,0,0.0,0.0707651000120677,True
67055,NEGATIVA,142,142,0,0.0,0.0733151999884285,True
67220,REJEITADA,478,784,-306,0.0,0.07052529999054968,False
67252,NEGATIVA,152,152,0,0.0,0.06828449998283759,True
6731,POSITIVA,217,217,0,0.0,0.06659409997519106,True
67484,NEGATIVA,137,137,0,0.0,0.06709979998413473,True
67569,POSITIVA,180,180,0,0.0,0.0751538000185974,True
67692,NEGATIVA,183,183,0,0.0,0.13864590000594035,True
67730,NEGATIVA,132,132,0,0.0,0.07160289998864755,True
67745,POSITIVA,165,165,0,0.0,0.06732970004668459,True
67755,POSITIVA,167,167,0,0.0,0.0849822000018321,True
67776,POSITIVA,185,185,0,0.0,0.06691549997776747,True
67803,POSITIVA,174,174,0,0.0,0.06909950001863763,True
67804,NEGATIVA,139,139,0,0.0,0.07773060002364218,True
67853,POSITIVA,164,164,0,0.0,0.07046660000924021,True
67921,POSITIVA,179,179,0,0.0,0.06415910000214353,True
67926,POSITIVA,149,149,0,0.0,0.10168629995314404,True
67941,POSITIVA,150,150,0,0.0,0.0712063999962993,True
67951,POSITIVA,183,183,0,0.0,0.05941850005183369,True
67999,POSITIVA,155,155,0,0.0,0.06655039999168366,True
68010,REJEITADA,462,784,-322,0.0,0.0703745000064373,False
68046,POSITIVA,171,171,0,0.0,0.06844330002786592,True
68135,POSITIVA,180,180,0,0.0,0.07372739998390898,True
68145,POSITIVA,179,179,0,0.0,0.06681369995931163,True
68147,POSITIVA,175,175,0,0.0,0.06663509999634698,True
68223,POSITIVA,175,175,0,0.0,0.07004689995665103,True
68272,POSITIVA,258,258,0,0.0,0.06834239995805547,True
68435,NEGATIVA,139,139,0,0.0,0.08111780002946034,True
68518,NEGATIVA,123,123,0,0.0,0.06474290002370253,True
6855,NEGATIVA,146,146,0,0.0,0.07172960002208129,True
68561,NEGATIVA,134,134,0,0.0,0.06644159997813404,True
68570,NEGATIVA,136,136,0,0.0,0.06980990001466125,True
68574,POSITIVA,221,221,0,0.0,0.06457029999000952,True
68860,NEGATIVA,144,144,0,0.0,0.06903140002395958,True
68927,POSITIVA,159,159,0,0.0,0.067409300012514,True
68942,POSITIVA,205,205,0,0.0,0.0710753999883309,True
68958,POSITIVA,197,197,0,0.0,0.08099579997360706,True
68965,POSITIVA,176,176,0,0.0,0.07797849999042228,True
6897,POSITIVA,173,173,0,0.0,0.0665696999640204,True
69011,NEGATIVA,156,156,0,0.0,0.07401839998783544,True
69020,POSITIVA,182,182,0,0.0,0.06364460004260764,True
69092,REJEITADA,480,784,-304,0.0,0.06161350000184029,False
69157,NEGATIVA,148,148,0,0.0,0.06505679996917024,True
69163,NEGATIVA,154,154,0,0.0,0.06543009995948523,True
69227,NEGATIVA,143,143,0,0.0,0.06821250001667067,True
69237,POSITIVA,165,165,0,0.0,0.07520119997207075,True
6939,NEGATIVA,127,127,0,0.0,0.07683919998817146,True
6943,POSITIVA,153,153,0,0.0,0.06590510002570227,True
69431,NEGATIVA,173,173,0,0.0,0.071788800007198,True
69450,POSITIVA,192,192,0,0.0,0.0703561999835074,True
69452,POSITIVA,194,194,0,0.0,0.06790319998981431,True
69460,NEGATIVA,138,138,0,0.0,0.07628630002727732,True
69511,NEGATIVA,118,118,0,0.0,0.06857350002974272,True
69559,NEGATIVA,168,168,0,0.0,0.07030439999653026,True
69697,NEGATIVA,139,139,0,0.0,0.06681899999966845,True
69748,POSITIVA,180,180,0,0.0,0.07616480003343895,True
69824,POSITIVA,189,189,0,0.0,0.06928039999911562,True
69910,POSITIVA,238,238,0,0.0,0.07357270002830774,True
69914,NEGATIVA,157,157,0,0.0,0.06646180001553148,True
6994,POSITIVA,203,203,0,0.0,0.06696560001000762,True
7051,POSITIVA,197,197,0,0.0,0.06788410001900047,True
7065,NEGATIVA,178,178,0,0.0,0.06330029998207465,True
7225,NEGATIVA,155,155,0,0.0,0.07162579998839647,True
7293,NEGATIVA,163,163,0,0.0,0.07582250004634261,True
7320,REJEITADA,459,784,-325,0.0,0.0642871999880299,False
7396,NEGATIVA,152,152,0,0.0,0.06878189998678863,True
7425,POSITIVA,201,201,0,0.0,0.07133869995595887,True
7477,POSITIVA,186,186,0,0.0,0.06743559997994453,True
7519,POSITIVA,189,189,0,0.0,0.07410590001381934,True
756,POSITIVA,156,156,0,0.0,0.0677443000022322,True
7674,POSITIVA,283,283,0,0.0,0.06569240003591403,True
7765,NEGATIVA,166,166,0,0.0,0.0702123999944888,True
7832,NEGATIVA,180,180,0,0.0,0.07695190003141761,True
7841,NEGATIVA,143,143,0,0.0,0.07374149997485802,True
7935,NEGATIVA,128,128,0,0.0,0.06592780002392828,True
7980,NEGATIVA,179,179,0,0.0,0.0683382999850437,True
7982,NEGATIVA,150,150,0,0.0,0.06679609999991953,True
7987,NEGATIVA,146,146,0,0.0,0.06935440003871918,True
808,NEGATIVA,163,163,0,0.0,0.06906890001846477,True
8184,NEGATIVA,129,129,0,0.0,0.06456600001547486,True
8227,NEGATIVA,151,151,0,0.0,0.06586109998170286,True
8327,POSITIVA,169,169,0,0.0,0.0673881999682635,True
8381,NEGATIVA,148,148,0,0.0,0.06403190002311021,True
8425,NEGATIVA,149,149,0,0.0,0.066781000001356,True
8524,NEGATIVA,158,158,0,0.0,0.08194289996754378,True
861,NEGATIVA,161,161,0,0.0,0.06640820001484826,True
8635,NEGATIVA,146,146,0,0.0,0.06815210002241656,True
865,POSITIVA,203,203,0,0.0,0.06864680000580847,True
8756,NEGATIVA,172,172,0,0.0,0.07217790000140667,True
8830,NEGATIVA,209,209,0,0.0,0.06478850002167746,True
8915,POSITIVA,169,169,0,0.0,0.07026950002182275,True
8951,POSITIVA,183,183,0,0.0,0.06967029999941587,True
9050,POSITIVA,195,195,0,0.0,0.06619959999807179,True
9065,NEGATIVA,129,129,0,0.0,0.06924270000308752,True
9079,POSITIVA,199,199,0,0.0,0.07806039997376502,True
9089,NEGATIVA,179,179,0,0.0,0.06687690003309399,True
9099,POSITIVA,187,187,0,0.0,0.07263680000323802,True
9152,POSITIVA,226,226,0,0.0,0.07781290001003072,True
9168,NEGATIVA,139,139,0,0.0,0.07135849999031052,True
9183,NEGATIVA,142,142,0,0.0,0.07177110004704446,True
9355,NEGATIVA,142,142,0,0.0,0.07156759995268658,True
9369,POSITIVA,223,223,0,0.0,0.06600219995016232,True
9418,NEGATIVA,158,158,0,0.0,0.07449660002021119,True
9521,POSITIVA,195,195,0,0.0,0.07034019997809082,True
953,NEGATIVA,174,174,0,0.0,0.07572199997957796,True
9559,POSITIVA,160,160,0,0.0,0.07208459998946637,True
9637,NEGATIVA,133,133,0,0.0,0.06051650003064424,True
9651,POSITIVA,196,196,0,0.0,0.06965900002978742,True
9764,POSITIVA,168,168,0,0.0,0.06840869999723509,True
9778,NEGATIVA,170,170,0,0.0,0.07318609999492764,True
9904,NEGATIVA,153,153,0,0.0,0.07721110002603382,True
9916,NEGATIVA,150,150,0,0.0,0.06543239997699857,True
9982,POSITIVA,215,215,0,0.0,0.06309670000337064,True
